,name,season_number,id
0,Sonja Christopher,1,0116
1,B.B. Andersen,1,0115
2,Stacey Stillman,1,0114
3,Ramona Gray,1,0113
4,Dirk Been,1,0112
5,Joel Klug,1,0111
6,Gretchen Cordy,1,0110
7,Greg Buis,1,0109
8,Jenna Lewis,1,0108
9,Gervase Peterson,1,0107
10,Colleen Haskell,1,0106
11,Sean Kenniff,1,0105
12,Susan Hawk,1,0104
13,Rudy Boesch,1,0103
14,Kelly Wiglesworth,1,0102
15,Richard Hatch,1,0101
16,Debb Eaton,2,0216
17,Kel Gleason,2,0215
18,Maralyn Hershey,2,0214
19,Mitchell Olson,2,0213
20,Kimmi Kappenberg,2,0212
21,Michael Skupin,2,0211
22,Jeff Varner,2,0210
23,Alicia Calaway,2,0209
24,Jerri Manthey,2,0208
25,Nick Brown,2,0207
26,Amber Brkich,2,0206
27,Rodger Bingham,2,0205
28,Elisabeth Filarski,2,0204
29,Keith Famie,2,0203
30,Colby Donaldson,2,0202
31,Tina Wesson,2,0201
32,Diane Ogden,3,0316
33,Jessie Camacho,3,0315
34,Carl Bilancione,3,0314
35,Linda Spencer,3,0313
36,Silas Gaither,3,0312
37,Lindsey Richter,3,0311
38,Clarence Black,3,0310
39,Kelly Goldsmith,3,0309
40,Brandon Quinton,3,0308
41,Frank Garrison,3,0307
42,Kim Powers,3,0306
43,Teresa Cooper,3,0305
44,Tom Buchanan,3,0304
45,Lex van den Berghe,3,0303
46,Kim Johnson,3,0302
47,Ethan Zohn,3,0301
48,Peter Harkey,4,0416
49,Patricia Jackson,4,0415
50,Hunter Ellis,4,0414
51,Sarah Jones,4,0413
52,Gabriel Cade,4,0412
53,Gina Crews,4,0411
54,Rob Mariano,4,0410
55,John Carroll,4,0409
56,Zoe Zanidakis,4,0408
57,Tammy Leitner,4,0407
58,Robert DeCanio,4,0406
59,Sean Rector,4,0405
60,Paschal English,4,0404
61,Kathy Vavrick-O'Brien,4,0404
62,Neleh Dennis,4,0402
63,Vecepia Towery,4,0401
64,John Raymond,5,0516
65,Tanya Vance,5,0515
66,Jed Hildebrand,5,0514
67,Ghandia Johnson,5,0513
68,Stephanie Dill,5,0512
69,Robb Zbacnik,5,0511
70,Shii Ann Huang,5,0510
71,Erin Collins,5,0509
72,Ken Stafford,5,0508
73,Penny Ramsey,5,0507
74,Jake Billingsley,5,0506
75,"Ted Rogers, Jr.",5,0505
76,Helen Glover,5,0504
77,Jan Gentry,5,0503
78,Clay Jordan,5,0502
79,Brian Heidik,5,0501
80,Ryan Aiken,6,0616
81,Janet Koth,6,0615
82,Daniel Lue,6,0614
83,JoAnna Ward,6,0613
84,Jeanne Hebert,6,0612
85,Shawna Mitchell,6,0611
86,Roger Sexton,6,0610
87,Dave Johnson,6,0609
88,Deena Bennett,6,0608
89,Alex Bell,6,0607
90,Christy Smith,6,0606
91,Heidi Strobel,6,0605
92,Butch Lockley,6,0604
93,Rob Cesternino,6,0603
94,Matthew von Ertfelda,6,0602
95,Jenna Morasca,6,0601
96,Nicole Delma,7,0716
97,Ryan Shoulders,7,0715
98,Michelle Tesauro,7,0714
99,Trish Dunn,7,0713
100,Shawn Cohen,7,0712
101,Osten Taylor,7,0711
102,Andrew Savage,7,0710
103,Ryan Opray,7,0709
104,Rupert Boneham,7,0708
105,Tijuana Bradley,7,0707
106,Christa Hastie,7,0706
107,Burton Roberts,7,0705
108,Darrah Johnson,7,0704
109,Jon Dalton,7,0703
110,Lillian Morris,7,0702
111,Sandra Diaz-Twine,7,0701
112,Tina Wesson,8,0818
113,Rudy Boesch,8,0817
114,Jenna Morasca,8,0816
115,Rob Cesternino,8,0815
116,Richard Hatch,8,0814
117,Susan Hawk,8,0813
118,Colby Donaldson,8,0812
119,Ethan Zohn,8,0811
120,Jerri Manthey,8,0810
121,Lex van den Berghe,8,0809
122,Kathy Vavrick-O'Brien,8,0808
123,Alicia Calaway,8,0807
124,Shii Ann Huang,8,0806
125,Tom Buchanan,8,0805
126,Rupert Boneham,8,0804
127,Jenna Lewis,8,0803
128,Rob Mariano,8,0802
129,Amber Brkich,8,0801
130,Brook Geraghty,9,0918
131,Dolly Neely,9,0917
132,John Palyok,9,0916
133,Mia Galeotalanza,9,0915
134,Brady Finta,9,0914
135,Travis Sampson,9,0913
136,Lisa Keiffer,9,0912
137,John Kenney,9,0911
138,Rory Freeman,9,0910
139,Lea Masters,9,0909
140,Chad Crittenden,9,0908
141,Leann Slaby,9,0907
142,Ami Cusack,9,0906
143,Julie Berry,9,0905
144,Eliza Orlins,9,0904
145,Scout Cloud Lee,9,0903
146,Twila Tanner,9,0902
147,Chris Daugherty,9,0901
148,Jonathan Libby,10,1020
149,Wanda Shirk,10,1019
150,Jolanda Jones,10,1018
151,Ashlee Ashby,10,1017
152,Jeff Wilson,10,1016
153,Kim Mullen,10,1015
154,Willard Smith,10,1014
155,Angie Jakusz,10,1013
156,James Miller,10,1012
157,Ibrehem Rahman,10,1011
158,Bobby Jon Drinkard,10,1010
159,Coby Archa,10,1009
160,Janu Tornell,10,1008
161,Stephenie LaGrossa,10,1007
162,Gregg Carey,10,1006
163,Caryn Groedel,10,1005
164,Jenn Lyon,10,1004
165,Ian Rosenberger,10,1003
166,Katie Gallagher,10,1002
167,Tom Westman,10,1001
168,Jim Lynch,11,1118
169,Morgan McDevitt,11,1117
170,Brianna Varela,11,1116
171,Brooke Struck,11,1115
172,Blake Towsley,11,1114
173,Margaret Bobonich,11,1113
174,Brian Corridan,11,1112
175,Amy O'Hara,11,1111
176,Brandon Bellinger,11,1110
177,Bobby Jon Drinkard,11,1109
178,Jamie Newton,11,1108
179,Gary Hogeboom,11,1107
180,Judd Sergeant,11,1106
181,Cindy Hall,11,1105
182,Lydia Morales,11,1104
183,Rafe Judkins,11,1103
184,Stephenie LaGrossa,11,1102
185,Danni Boatwright,11,1101
186,Tina Scheer,12,1216
187,Melinda Hyder,12,1215
188,Misty Giles,12,1214
189,Ruth-Marie Milliman,12,1213
190,Bobby Mason,12,1212
191,Dan Barry,12,1211
192,Nick Stanbury,12,1210
193,Austin Carty,12,1209
194,Sally Schumann,12,1208
195,Bruce Kanegai,12,1207
196,Courtney Marit,12,1206
197,Shane Powers,12,1205
198,Cirie Fields,12,1204
199,Terry Deitz,12,1203
200,Danielle DiLorenzo,12,1202
201,Aras Baskauskas,12,1201
202,Sekou Bunch,13,1320
203,Billy Garcia,13,1319
204,Cecilia Mansilla,13,1318
205,J.P. Calderon,13,1317
206,Stephannie Favor,13,1316
207,Cao Boi Bui,13,1315
208,Cristina Coria,13,1314
209,Jessica Smith,13,1313
210,Brad Virata,13,1312
211,Rebecca Borman,13,1311
212,Jenny Guzon-Bae,13,1310
213,Nate Gonzalez,13,1309
214,Candice Woodcock,13,1308
215,Jonathan Penner,13,1307
216,Parvati Shallow,13,1306
217,Adam Gentry,13,1305
218,Sundra Oakley,13,1304
219,Becky Lee,13,1303
220,Ozzy Lusth,13,1302
221,Yul Kwon,13,1301
222,Jessica deBen,14,1419
223,Erica Durousseau,14,1418
224,Sylvia Kwan,14,1417
225,Gary Stritesky,14,1416
226,Liliana Gomez,14,1415
227,Rita Verreos,14,1414
228,Anthony Robinson,14,1413
229,Rocky Reid,14,1412
230,Lisi Linares,14,1411
231,Michelle Yi,14,1410
232,Edgardo Rivera,14,1409
233,Mookie Lee,14,1408
234,Alex Angarita,14,1407
235,Stacy Kimball,14,1406
236,Boo Bernis,14,1405
237,Yau-Man Chan,14,1404
238,Cassandra Franklin,14,1403
239,Dreamz Herd,14,1402
240,Earl Cole,14,1401
241,Chicken Morris,15,1516
242,Ashley Massaro,15,1515
243,Leslie Nease,15,1514
244,Dave Cruser,15,1513
245,Aaron Reisberger,15,1512
246,Sherea Lloyd,15,1511
247,Jaime Dugan,15,1510
248,Jean-Robert Bellande,15,1509
249,Frosti Zernow,15,1508
250,James Clement,15,1507
251,Erik Huffman,15,1506
252,Peih-Gee Law,15,1505
253,Denise Martin,15,1504
254,Amanda Kimmel,15,1503
255,Courtney Yates,15,1502
256,Todd Herzog,15,1501
257,Jon Dalton,16,1620
258,Mary Sartain,16,1619
259,Yau-Man Chan,16,1618
260,Mikey Bortone,16,1617
261,Joel Anderson,16,1616
262,Jonathan Penner,16,1615
263,Chet Welch,16,1614
264,Kathy Sleckman,16,1613
265,Tracy Hughes-Wolf,16,1612
266,Ami Cusack,16,1611
267,Eliza Orlins,16,1610
268,Ozzy Lusth,16,1609
269,Jason Siska,16,1608
270,James Clement,16,1607
271,Alexis Jones,16,1606
272,Erik Reichenbach,16,1605
273,Natalie Bolton,16,1604
274,Cirie Fields,16,1603
275,Amanda Kimmel,16,1602
276,Parvati Shallow,16,1601
277,Michelle Chase,17,1718
278,Gillian Larson,17,1717
279,Paloma Soto-Castillo,17,1716
280,Jacquie Berg,17,1715
281,G.C. Brown,17,1714
282,Kelly Czarnecki,17,1713
283,Ace Gordon,17,1712
284,Dan Kay,17,1711
285,Marcus Lehman,17,1710
286,Charlie Herschel,17,1709
287,Randy Bailey,17,1708
288,Corinne Kaplan,17,1707
289,Crystal Cox,17,1706
290,Ken Hoang,17,1705
291,Matty Whitmore,17,1704
292,Sugar Kiper,17,1703
293,Susie Smith,17,1702
294,Bob Crowley,17,1701
295,Carolina Eastwood,18,1816
296,Candace Smith,18,1815
297,Jerry Sims,18,1814
298,Sandy Burgin,18,1813
299,Spencer Duhm,18,1812
300,Sydney Wheeler,18,1811
301,Joe Dowdle,18,1810
302,Brendan Synnott,18,1809
303,Tyson Apostol,18,1808
304,Sierra Reed,18,1807
305,Debbie Beebe,18,1806
306,Coach Wade,18,1805
307,Taj Johnson-George,18,1804
308,Erinn Lobdell,18,1803
309,Stephen Fishbach,18,1802
310,J.T. Thomas,18,1801
311,Marisa Calihan,19,1920
312,Mike Borassi,19,1919
313,Betsy Bolan,19,1918
314,Ben Browning,19,1917
315,Yasmin Giles,19,1916
316,Ashley Trainer,19,1915
317,Russell Swan,19,1914
318,Liz Kim,19,1913
319,Erik Cardona,19,1912
320,Kelly Sharbaugh,19,1911
321,Laura Morett,19,1910
322,John Fincher,19,1909
323,Dave Ball,19,1908
324,Monica Padilla,19,1907
325,Shambo Waters,19,1906
326,Jaison Robinson,19,1905
327,Brett Clouser,19,1904
328,Mick Trimming,19,1903
329,Russell Hantz,19,1902
330,Natalie White,19,1901
331,Sugar Kiper,20,2020
332,Stephenie LaGrossa,20,2019
333,Randy Bailey,20,2018
334,Cirie Fields,20,2017
335,Tom Westman,20,2016
336,Tyson Apostol,20,2015
337,James Clement,20,2014
338,Rob Mariano,20,2013
339,Coach Wade,20,2012
340,Courtney Yates,20,2011
341,J.T. Thomas,20,2010
342,Amanda Kimmel,20,2009
343,Candice Woodcock,20,2008
344,Danielle DiLorenzo,20,2007
345,Rupert Boneham,20,2006
346,Colby Donaldson,20,2005
347,Jerri Manthey,20,2004
348,Russell Hantz,20,2003
349,Parvati Shallow,20,2002
350,Sandra Diaz-Twine,20,2001
351,Wendy DeSmidt-Kohlhoff,21,2120
352,Shannon Elkins,21,2119
353,Jimmy Johnson,21,2118
354,Jimmy Tarantino,21,2117
355,Tyrone Davis,21,2116
356,Kelly Bruno,21,2115
357,Yve Rojas,21,2114
358,Jill Behm,21,2113
359,Alina Wilson,21,2112
360,Marty Piombo,21,2111
361,Brenda Lowe,21,2110
362,NaOnka Mixon,21,2109
363,Kelly Shinn,21,2108
364,Benry Henry,21,2107
365,Jane Bright,21,2106
366,Dan Lembo,21,2105
367,Holly Hoffman,21,2104
368,Sash Lenahan,21,2103
369,Chase Rice,21,2102
370,Fabio Birza,21,2101
371,Francesca Hogi,22,2218
372,Russell Hantz,22,2217
373,Kristina Kell,22,2216
374,Krista Klumpp,22,2215
375,Stephanie Valencia,22,2214
376,Sarita White,22,2213
377,David Murphy,22,2212
378,Julie Wolfe,22,2211
379,Steve Wright,22,2210
380,Ralph Kiser,22,2209
381,Grant Mattos,22,2208
382,Matt Elrod,22,2207
383,Mike Chiesl,22,2206
384,Andrea Boehlke,22,2205
385,Ashley Underwood,22,2204
386,Natalie Tenerelli,22,2203
387,Phillip Sheppard,22,2202
388,Rob Mariano,22,2201
389,Semhar Tadesse,23,2318
390,Mark Caruso,23,2317
391,Stacey Powell,23,2316
392,Elyse Umemoto,23,2315
393,Mikayla Wingle,23,2314
394,Christine Shields Markoski,23,2313
395,Jim Rice,23,2312
396,Keith Tollefson,23,2311
397,Dawn Meehan,23,2310
398,Whitney Duncan,23,2309
399,John Cochran,23,2308
400,Edna Ma,23,2307
401,Brandon Hantz,23,2306
402,Rick Nelson,23,2305
403,Ozzy Lusth,23,2304
404,Albert Destrade,23,2303
405,Coach Wade,23,2302
406,Sophie Clarke,23,2301
407,Kourtney Moon,24,2418
408,Nina Acosta,24,2417
409,Matt Quinlan,24,2416
410,Bill Posley,24,2415
411,Monica Culpepper,24,2414
412,Colton Cumbie,24,2413
413,Jonas Otsuji,24,2412
414,Michael Jefferson,24,2411
415,Jay Byars,24,2410
416,Leif Manson,24,2409
417,Troyzan Robertson,24,2408
418,Kat Edorsson,24,2407
419,Tarzan Smith,24,2406
420,Alicia Rosa,24,2405
421,Christina Cha,24,2404
422,Chelsea Meissner,24,2403
423,Sabrina Thompson,24,2402
424,Kim Spradlin,24,2401
425,Zane Knight,25,2518
426,Roxy Morris,25,2517
427,Angie Layton,25,2516
428,Russell Swan,25,2515
429,Dana Lambert,25,2514
430,Sarah Dawson,25,2513
431,Katie Hanson,25,2512
432,RC Saint-Amour,25,2511
433,Jeff Kent,25,2510
434,Artis Silvester,25,2509
435,Pete Yurkowski,25,2508
436,Jonathan Penner,25,2507
437,Carter Williams,25,2506
438,Abi-Maria Gomes,25,2505
439,Malcolm Freberg,25,2504
440,Lisa Whelchel,25,2503
441,Michael Skupin,25,2502
442,Denise Stapley,25,2501
443,Francesca Hogi,26,2620
444,Allie Pohevitz,26,2619
445,Hope Driskill,26,2618
446,Shamar Thomas,26,2617
447,Laura Alexander,26,2616
448,Brandon Hantz,26,2615
449,Matt Bischoff,26,2614
450,Julia Landauer,26,2613
451,Corinne Kaplan,26,2612
452,Michael Snow,26,2611
453,Phillip Sheppard,26,2610
454,Malcolm Freberg,26,2609
455,Reynold Toepfer,26,2608
456,Andrea Boehlke,26,2607
457,Brenda Lowe,26,2606
458,Erik Reichenbach,26,2605
459,Eddie Fox,26,2604
460,Dawn Meehan,26,2603
461,Sherri Biethman,26,2602
462,John Cochran,26,2601
463,Rupert Boneham,27,2720
464,Colton Cumbie,27,2719
465,Rachel Foulger,27,2718
466,Marissa Peterson,27,2717
467,Candice Cody,27,2716
468,Brad Culpepper,27,2715
469,Kat Edorsson,27,2714
470,John Cody,27,2713
471,Laura Boneham,27,2712
472,Aras Baskauskas,27,2711
473,Vytas Baskauskas,27,2710
474,Caleb Bankston,27,2709
475,Katie Collins,27,2708
476,Hayden Moss,27,2707
477,Laura Morett,27,2706
478,Ciera Eastin,27,2705
479,Tina Wesson,27,2704
480,Gervase Peterson,27,2703
481,Monica Culpepper,27,2702
482,Tyson Apostol,27,2701
483,David Samson,28,2818
484,Garrett Adelstein,28,2817
485,Brice Johnston,28,2816
486,J'Tia Taylor,28,2815
487,Cliff Robinson,28,2814
488,Lindsey Ogle,28,2813
489,Alexis Maxwell,28,2812
490,Sarah Lacina,28,2811
491,Morgan McLeod,28,2810
492,LJ McKanas,28,2809
493,Jeremiah Wood,28,2808
494,Jefra Bland,28,2807
495,Tasha Fox,28,2806
496,Trish Hegarty,28,2805
497,Spencer Bledsoe,28,2804
498,Kass McQuillen,28,2803
499,Woo Hwang,28,2802
500,Tony Vlachos,28,2801
501,Nadiya Anderson,29,2918
502,Val Collins,29,2917
503,John Rocker,29,2916
504,Drew Christy,29,2915
505,Kelley Wentworth,29,2914
506,Dale Wentworth,29,2913
507,Julie McGee,29,2912
508,Josh Canfield,29,2911
509,Jeremy Collins,29,2910
510,Wes Nale,29,2909
511,Reed Kelly,29,2908
512,Alec Christy,29,2907
513,Jon Misch,29,2906
514,Baylor Wilson,29,2905
515,Keith Nale,29,2904
516,Missy Payne,29,2903
517,Jaclyn Schultz,29,2902
518,Natalie Anderson,29,2901
519,So Kim,30,3018
520,Vince Sly,30,3017
521,Nina Poersch,30,3016
522,Lindsey Cascaddan,30,3015
523,Max Dawson,30,3014
524,Joaquin Souberbielle,30,3013
525,Kelly Remington,30,3012
526,Hali Ford,30,3011
527,Joe Anglim,30,3010
528,Jenn Brown,30,3009
529,Shirin Oskooi,30,3008
530,Tyler Fredrickson,30,3007
531,Dan Foley,30,3006
532,Sierra Dawn Thomas,30,3005
533,Rodney Lavoie Jr.,30,3004
534,Carolyn Rivera,30,3003
535,Will Sims II,30,3002
536,Mike Holloway,30,3001
537,Vytas Baskauskas,31,3120
538,Shirin Oskooi,31,3119
539,Peih-Gee Law,31,3118
540,Jeff Varner,31,3117
541,Monica Padilla,31,3116
542,Terry Deitz,31,3115
543,Woo Hwang,31,3114
544,Kass McQuillen,31,3113
545,Andrew Savage,31,3112
546,Kelly Wiglesworth,31,3111
547,Ciera Eastin,31,3110
548,Stephen Fishbach,31,3109
549,Joe Anglim,31,3108
550,Abi-Maria Gomes,31,3107
551,Kimmi Kappenberg,31,3106
552,Keith Nale,31,3105
553,Kelley Wentworth,31,3104
554,Spencer Bledsoe,31,3103
555,Tasha Fox,31,3102
556,Jeremy Collins,31,3101
557,Darnell Hamilton,32,3218
558,Jennifer Lanzetti,32,3217
559,Liz Markham,32,3216
560,Caleb Reynolds,32,3215
561,Alecia Holden,32,3214
562,Anna Khait,32,3213
563,Peter Baggenstos,32,3212
564,Neal Gottlieb,32,3211
565,Nick Maiorano,32,3210
566,Debbie Wanner,32,3209
567,Scot Pollard,32,3208
568,Julia Sokolowski,32,3207
569,Kyle Jason,32,3206
570,Joe del Campo,32,3205
571,Cydney Gillon,32,3204
572,Tai Trang,32,3203
573,Aubry Bracco,32,3202
574,Michele Fitzgerald,32,3201
575,Rachel Ako,33,3320
576,Mari Takahashi,33,3319
577,Paul Wachter,33,3318
578,Lucy Huang,33,3317
579,CeCe Taylor,33,3316
580,Figgy Figueroa,33,3315
581,Michaela Bradshaw,33,3314
582,Michelle Schubert,33,3313
583,Taylor Stocker,33,3312
584,Chris Hammons,33,3311
585,Jessica Lewis,33,3310
586,Zeke Smith,33,3309
587,Will Wahl,33,3308
588,Sunday Burquest,33,3307
589,Jay Starrett,33,3306
590,Bret LaBelle,33,3305
591,David Wright,33,3304
592,Hannah Shapiro,33,3303
593,Ken McNickle,33,3302
594,Adam Klein,33,3301
595,Ciera Eastin,34,3420
596,Tony Vlachos,34,3419
597,Caleb Reynolds,34,3418
598,Malcolm Freberg,34,3417
599,J.T. Thomas,34,3416
600,Sandra Diaz-Twine,34,3415
601,Jeff Varner,34,3414
602,Hali Ford,34,3413
603,Ozzy Lusth,34,3412
604,Debbie Wanner,34,3411
605,Zeke Smith,34,3410
606,Sierra Dawn Thomas,34,3409
607,Andrea Boehlke,34,3408
608,Michaela Bradshaw,34,3407
609,Cirie Fields,34,3406
610,Aubry Bracco,34,3405
611,Tai Trang,34,3404
612,Troyzan Robertson,34,3403
613,Brad Culpepper,34,3402
614,Sarah Lacina,34,3401
615,Katrina Radke,35,3518
616,Simone Nguyen,35,3517
617,Patrick Bolton,35,3516
618,Alan Ball,35,3515
619,Roark Luskin,35,3514
620,Ali Elliott,35,3513
621,Jessica Johnston,35,3512
622,Desi Williams,35,3511
623,Cole Medders,35,3510
624,JP Hilsabeck,35,3509
625,Joe Mena,35,3508
626,Lauren Rimmer,35,3507
627,Ashley Nolan,35,3506
628,Mike Zahalsky,35,3505
629,Devon Pinto,35,3504
630,Ryan Ulrich,35,3503
631,Chrissy Hofbeck,35,3502
632,Ben Driebergen,35,3501
633,Stephanie Gonzalez,36,3620
634,Jacob Derwin,36,3619
635,Morgan Ricke,36,3618
636,Brendan Shapiro,36,3617
637,Stephanie Johnson,36,3616
638,James Lim,36,3615
639,Bradley Kleihege,36,3614
640,Chris Noble,36,3613
641,Libby Vincek,36,3612
642,Desiree Afuye,36,3611
643,Jenna Bowman,36,3610
644,Michael Yerger,36,3609
645,Chelsea Townsend,36,3608
646,Kellyn Bechtold,36,3607
647,Sebastian Noel,36,3606
648,Donathan Hurley,36,3605
649,Angela Perkins,36,3604
650,Laurel Johnson,36,3603
651,Domenick Abbate,36,3602
652,Wendell Holland,36,3601
653,Pat Cusack,37,3720
654,Jessica Peet,37,3719
655,Jeremy Crawford,37,3718
656,Bi Nguyen,37,3717
657,Natalia Azoqa,37,3716
658,Natalie Cole,37,3715
659,Lyrsa Torres,37,3714
660,Elizabeth Olson,37,3713
661,John Hennigan,37,3712
662,Dan Rengering,37,3711
663,Alec Merlino,37,3710
664,Carl Boudreaux,37,3709
665,Gabby Pascuzzi,37,3708
666,Christian Hubicki,37,3707
667,Davie Rickenbacker,37,3706
668,Alison Raybould,37,3705
669,Kara Kay,37,3704
670,Angelina Keeley,37,3703
671,Mike White,37,3702
672,Nick Wilson,37,3701
